id,university_id,name,field,degree_level,language_of_instruction,min_gpa_4_0_scale,topik_required_level,english_min_ielts,deadline_spring_intake,deadline_fall_intake,tuition_krw_per_semester,scholarship_notes
1,1,Business Administration,Business,Bachelor,English,3.6,,6.0,Sep 15 – Nov 15 (prior year),Mar 15 – May 31,2800000,Merit and need-based scholarships of 30-100% tuition commonly available to international students; verify current programs.
2,1,Mechanical Engineering,Engineering,Bachelor,English,3.6,,6.0,Sep 15 – Nov 15 (prior year),Mar 15 – May 31,2800000,Merit and need-based scholarships of 30-100% tuition commonly available to international students; verify current programs.
3,1,Computer Science and Engineering,Engineering,Bachelor,English,3.6,,6.0,Sep 15 – Nov 15 (prior year),Mar 15 – May 31,2800000,Merit and need-based scholarships of 30-100% tuition commonly available to international students; verify current programs.
4,1,International Studies,Social Sciences,Bachelor,English,3.6,,6.0,Sep 15 – Nov 15 (prior year),Mar 15 – May 31,2800000,Merit and need-based scholarships of 30-100% tuition commonly available to international students; verify current programs.
5,1,MS in Computer Science,Engineering,Master,English,3.8,,6.0,Sep 15 – Nov 15 (prior year),Mar 15 – May 31,3000000,Merit and need-based scholarships of 30-100% tuition commonly available to international students; verify current programs.
6,1,MBA,Business,Master,English,3.8,,6.0,Sep 15 – Nov 15 (prior year),Mar 15 – May 31,3000000,Merit and need-based scholarships of 30-100% tuition commonly available to international students; verify current programs.
7,2,Economics,Social Sciences,Bachelor,English,3.6,,6.0,Sep 15 – Nov 15 (prior year),Mar 15 – May 31,2200000,Tuition largely covered by national science scholarships for admitted students.
8,2,Mechanical Engineering,Engineering,Bachelor,English,3.6,,6.0,Sep 15 – Nov 15 (prior year),Mar 15 – May 31,2200000,Tuition largely covered by national science scholarships for admitted students.
9,2,Business Administration,Business,Bachelor,English,3.6,,6.0,Sep 15 – Nov 15 (prior year),Mar 15 – May 31,2200000,Tuition largely covered by national science scholarships for admitted students.
10,2,International Studies,Social Sciences,Bachelor,English,3.6,,6.0,Sep 15 – Nov 15 (prior year),Mar 15 – May 31,2200000,Tuition largely covered by national science scholarships for admitted students.
11,2,MA in International Relations,Social Sciences,Master,English,3.8,,6.0,Sep 15 – Nov 15 (prior year),Mar 15 – May 31,0,Tuition largely covered by national science scholarships for admitted students.
12,2,MBA,Business,Master,English,3.8,,6.0,Sep 15 – Nov 15 (prior year),Mar 15 – May 31,0,Tuition largely covered by national science scholarships for admitted students.
13,3,Media and Communication,Humanities,Bachelor,English,3.6,,6.0,Sep 15 – Nov 15 (prior year),Mar 15 – May 31,5200000,Merit and need-based scholarships of 30-100% tuition commonly available to international students; verify current programs.
14,3,Mechanical Engineering,Engineering,Bachelor,English,3.6,,6.0,Sep 15 – Nov 15 (prior year),Mar 15 – May 31,5200000,Merit and need-based scholarships of 30-100% tuition commonly available to international students; verify current programs.
15,3,International Studies,Social Sciences,Bachelor,English,3.6,,6.0,Sep 15 – Nov 15 (prior year),Mar 15 – May 31,5200000,Merit and need-based scholarships of 30-100% tuition commonly available to international students; verify current programs.
16,3,Electrical and Electronic Engineering,Engineering,Bachelor,English,3.6,,6.0,Sep 15 – Nov 15 (prior year),Mar 15 – May 31,5200000,Merit and need-based scholarships of 30-100% tuition commonly available to international students; verify current programs.
17,3,MS in Computer Science,Engineering,Master,English,3.8,,6.0,Sep 15 – Nov 15 (prior year),Mar 15 – May 31,5500000,Merit and need-based scholarships of 30-100% tuition commonly available to international students; verify current programs.
18,3,MA in International Relations,Social Sciences,Master,English,3.8,,6.0,Sep 15 – Nov 15 (prior year),Mar 15 – May 31,5500000,Merit and need-based scholarships of 30-100% tuition commonly available to international students; verify current programs.
19,4,Business Administration,Business,Bachelor,English,3.6,,6.0,Sep 15 – Nov 15 (prior year),Mar 15 – May 31,5200000,Merit and need-based scholarships of 30-100% tuition commonly available to international students; verify current programs.
20,4,Electrical and Electronic Engineering,Engineering,Bachelor,English,3.6,,6.0,Sep 15 – Nov 15 (prior year),Mar 15 – May 31,5200000,Merit and need-based scholarships of 30-100% tuition commonly available to international students; verify current programs.
21,4,Global Korean Studies,Humanities,Bachelor,Korean,3.6,3,,Sep 15 – Nov 15 (prior year),Mar 15 – May 31,5200000,Merit and need-based scholarships of 30-100% tuition commonly available to international students; verify current programs.
22,4,Computer Science and Engineering,Engineering,Bachelor,English,3.6,,6.0,Sep 15 – Nov 15 (prior year),Mar 15 – May 31,5200000,Merit and need-based scholarships of 30-100% tuition commonly available to international students; verify current programs.
23,4,MA in International Relations,Social Sciences,Master,English,3.8,,6.0,Sep 15 – Nov 15 (prior year),Mar 15 – May 31,5500000,Merit and need-based scholarships of 30-100% tuition commonly available to international students; verify current programs.
24,4,MS in Computer Science,Engineering,Master,English,3.8,,6.0,Sep 15 – Nov 15 (prior year),Mar 15 – May 31,5500000,Merit and need-based scholarships of 30-100% tuition commonly available to international students; verify current programs.
25,5,Mechanical Engineering,Engineering,Bachelor,English,3.2,,6.0,Sep 15 – Nov 15 (prior year),Mar 15 – May 31,4500000,Merit and need-based scholarships of 30-100% tuition commonly available to international students; verify current programs.
26,5,International Studies,Social Sciences,Bachelor,English,3.2,,6.0,Sep 15 – Nov 15 (prior year),Mar 15 – May 31,4500000,Merit and need-based scholarships of 30-100% tuition commonly available to international students; verify current programs.
27,5,Electrical and Electronic Engineering,Engineering,Bachelor,English,3.2,,6.0,Sep 15 – Nov 15 (prior year),Mar 15 – May 31,4500000,Merit and need-based scholarships of 30-100% tuition commonly available to international students; verify current programs.
28,5,Global Korean Studies,Humanities,Bachelor,Korean,3.2,3,,Sep 15 – Nov 15 (prior year),Mar 15 – May 31,4500000,Merit and need-based scholarships of 30-100% tuition commonly available to international students; verify current programs.
29,5,MS in Computer Science,Engineering,Master,English,3.4,,6.0,Sep 15 – Nov 15 (prior year),Mar 15 – May 31,4800000,Merit and need-based scholarships of 30-100% tuition commonly available to international students; verify current programs.
30,5,MS in Electrical Engineering,Engineering,Master,English,3.4,,6.0,Sep 15 – Nov 15 (prior year),Mar 15 – May 31,4800000,Merit and need-based scholarships of 30-100% tuition commonly available to international students; verify current programs.
31,6,Mechanical Engineering,Engineering,Bachelor,English,3.2,,6.0,Sep 15 – Nov 15 (prior year),Mar 15 – May 31,4500000,Merit and need-based scholarships of 30-100% tuition commonly available to international students; verify current programs.
32,6,Media and Communication,Humanities,Bachelor,English,3.2,,6.0,Sep 15 – Nov 15 (prior year),Mar 15 – May 31,4500000,Merit and need-based scholarships of 30-100% tuition commonly available to international students; verify current programs.
33,6,International Studies,Social Sciences,Bachelor,English,3.2,,6.0,Sep 15 – Nov 15 (prior year),Mar 15 – May 31,4500000,Merit and need-based scholarships of 30-100% tuition commonly available to international students; verify current programs.
34,6,Business Administration,Business,Bachelor,English,3.2,,6.0,Sep 15 – Nov 15 (prior year),Mar 15 – May 31,4500000,Merit and need-based scholarships of 30-100% tuition commonly available to international students; verify current programs.
35,6,MBA,Business,Master,English,3.4,,6.0,Sep 15 – Nov 15 (prior year),Mar 15 – May 31,4800000,Merit and need-based scholarships of 30-100% tuition commonly available to international students; verify current programs.
36,6,MA in International Relations,Social Sciences,Master,English,3.4,,6.0,Sep 15 – Nov 15 (prior year),Mar 15 – May 31,4800000,Merit and need-based scholarships of 30-100% tuition commonly available to international students; verify current programs.
37,7,Business Administration,Business,Bachelor,English,3.6,,6.0,Sep 15 – Nov 15 (prior year),Mar 15 – May 31,2200000,Tuition largely covered by national science scholarships for admitted students.
38,7,Media and Communication,Humanities,Bachelor,English,3.6,,6.0,Sep 15 – Nov 15 (prior year),Mar 15 – May 31,2200000,Tuition largely covered by national science scholarships for admitted students.
39,7,International Studies,Social Sciences,Bachelor,English,3.6,,6.0,Sep 15 – Nov 15 (prior year),Mar 15 – May 31,2200000,Tuition largely covered by national science scholarships for admitted students.
40,7,Global Korean Studies,Humanities,Bachelor,Korean,3.6,3,,Sep 15 – Nov 15 (prior year),Mar 15 – May 31,2200000,Tuition largely covered by national science scholarships for admitted students.
41,7,MA in International Relations,Social Sciences,Master,English,3.8,,6.0,Sep 15 – Nov 15 (prior year),Mar 15 – May 31,0,Tuition largely covered by national science scholarships for admitted students.
42,7,MS in Computer Science,Engineering,Master,English,3.8,,6.0,Sep 15 – Nov 15 (prior year),Mar 15 – May 31,0,Tuition largely covered by national science scholarships for admitted students.
43,8,Business Administration,Business,Bachelor,English,3.2,,6.0,Sep 15 – Nov 15 (prior year),Mar 15 – May 31,2300000,Merit and need-based scholarships of 30-100% tuition commonly available to international students; verify current programs.
44,8,Global Korean Studies,Humanities,Bachelor,Korean,3.2,3,,Sep 15 – Nov 15 (prior year),Mar 15 – May 31,2300000,Merit and need-based scholarships of 30-100% tuition commonly available to international students; verify current programs.
45,8,Media and Communication,Humanities,Bachelor,English,3.2,,6.0,Sep 15 – Nov 15 (prior year),Mar 15 – May 31,2300000,Merit and need-based scholarships of 30-100% tuition commonly available to international students; verify current programs.
46,8,International Studies,Social Sciences,Bachelor,English,3.2,,6.0,Sep 15 – Nov 15 (prior year),Mar 15 – May 31,2300000,Merit and need-based scholarships of 30-100% tuition commonly available to international students; verify current programs.
47,8,MA in International Relations,Social Sciences,Master,English,3.4,,6.0,Sep 15 – Nov 15 (prior year),Mar 15 – May 31,2600000,Merit and need-based scholarships of 30-100% tuition commonly available to international students; verify current programs.
48,8,MS in Computer Science,Engineering,Master,English,3.4,,6.0,Sep 15 – Nov 15 (prior year),Mar 15 – May 31,2600000,Merit and need-based scholarships of 30-100% tuition commonly available to international students; verify current programs.
49,9,Business Administration,Business,Bachelor,English,3.2,,6.0,Sep 15 – Nov 15 (prior year),Mar 15 – May 31,4500000,Merit and need-based scholarships of 30-100% tuition commonly available to international students; verify current programs.
50,9,Electrical and Electronic Engineering,Engineering,Bachelor,English,3.2,,6.0,Sep 15 – Nov 15 (prior year),Mar 15 – May 31,4500000,Merit and need-based scholarships of 30-100% tuition commonly available to international students; verify current programs.
51,9,Computer Science and Engineering,Engineering,Bachelor,English,3.2,,6.0,Sep 15 – Nov 15 (prior year),Mar 15 – May 31,4500000,Merit and need-based scholarships of 30-100% tuition commonly available to international students; verify current programs.
52,9,Global Korean Studies,Humanities,Bachelor,Korean,3.2,3,,Sep 15 – Nov 15 (prior year),Mar 15 – May 31,4500000,Merit and need-based scholarships of 30-100% tuition commonly available to international students; verify current programs.
53,9,MBA,Business,Master,English,3.4,,6.0,Sep 15 – Nov 15 (prior year),Mar 15 – May 31,4800000,Merit and need-based scholarships of 30-100% tuition commonly available to international students; verify current programs.
54,9,MS in Electrical Engineering,Engineering,Master,English,3.4,,6.0,Sep 15 – Nov 15 (prior year),Mar 15 – May 31,4800000,Merit and need-based scholarships of 30-100% tuition commonly available to international students; verify current programs.
55,10,Economics,Social Sciences,Bachelor,English,3.2,,6.0,Sep 15 – Nov 15 (prior year),Mar 15 – May 31,4500000,Merit and need-based scholarships of 30-100% tuition commonly available to international students; verify current programs.
56,10,Global Korean Studies,Humanities,Bachelor,Korean,3.2,3,,Sep 15 – Nov 15 (prior year),Mar 15 – May 31,4500000,Merit and need-based scholarships of 30-100% tuition commonly available to international students; verify current programs.
57,10,Media and Communication,Humanities,Bachelor,English,3.2,,6.0,Sep 15 – Nov 15 (prior year),Mar 15 – May 31,4500000,Merit and need-based scholarships of 30-100% tuition commonly available to international students; verify current programs.
58,10,Business Administration,Business,Bachelor,English,3.2,,6.0,Sep 15 – Nov 15 (prior year),Mar 15 – May 31,4500000,Merit and need-based scholarships of 30-100% tuition commonly available to international students; verify current programs.
59,10,MS in Computer Science,Engineering,Master,English,3.4,,6.0,Sep 15 – Nov 15 (prior year),Mar 15 – May 31,4800000,Merit and need-based scholarships of 30-100% tuition commonly available to international students; verify current programs.
60,10,MS in Electrical Engineering,Engineering,Master,English,3.4,,6.0,Sep 15 – Nov 15 (prior year),Mar 15 – May 31,4800000,Merit and need-based scholarships of 30-100% tuition commonly available to international students; verify current programs.
61,11,International Studies,Social Sciences,Bachelor,English,3.2,,6.0,Sep 15 – Nov 15 (prior year),Mar 15 – May 31,2300000,Merit and need-based scholarships of 30-100% tuition commonly available to international students; verify current programs.
62,11,Mechanical Engineering,Engineering,Bachelor,English,3.2,,6.0,Sep 15 – Nov 15 (prior year),Mar 15 – May 31,2300000,Merit and need-based scholarships of 30-100% tuition commonly available to international students; verify current programs.
63,11,Global Korean Studies,Humanities,Bachelor,Korean,3.2,3,,Sep 15 – Nov 15 (prior year),Mar 15 – May 31,2300000,Merit and need-based scholarships of 30-100% tuition commonly available to international students; verify current programs.
64,11,Computer Science and Engineering,Engineering,Bachelor,English,3.2,,6.0,Sep 15 – Nov 15 (prior year),Mar 15 – May 31,2300000,Merit and need-based scholarships of 30-100% tuition commonly available to international students; verify current programs.
65,11,MBA,Business,Master,English,3.4,,6.0,Sep 15 – Nov 15 (prior year),Mar 15 – May 31,2600000,Merit and need-based scholarships of 30-100% tuition commonly available to international students; verify current programs.
66,11,MS in Electrical Engineering,Engineering,Master,English,3.4,,6.0,Sep 15 – Nov 15 (prior year),Mar 15 – May 31,2600000,Merit and need-based scholarships of 30-100% tuition commonly available to international students; verify current programs.
67,12,Electrical and Electronic Engineering,Engineering,Bachelor,English,3.2,,6.0,Sep 15 – Nov 15 (prior year),Mar 15 – May 31,4500000,Merit and need-based scholarships of 30-100% tuition commonly available to international students; verify current programs.
68,12,Business Administration,Business,Bachelor,English,3.2,,6.0,Sep 15 – Nov 15 (prior year),Mar 15 – May 31,4500000,Merit and need-based scholarships of 30-100% tuition commonly available to international students; verify current programs.
69,12,Global Korean Studies,Humanities,Bachelor,Korean,3.2,3,,Sep 15 – Nov 15 (prior year),Mar 15 – May 31,4500000,Merit and need-based scholarships of 30-100% tuition commonly available to international students; verify current programs.
70,12,Media and Communication,Humanities,Bachelor,English,3.2,,6.0,Sep 15 – Nov 15 (prior year),Mar 15 – May 31,4500000,Merit and need-based scholarships of 30-100% tuition commonly available to international students; verify current programs.
71,12,MS in Electrical Engineering,Engineering,Master,English,3.4,,6.0,Sep 15 – Nov 15 (prior year),Mar 15 – May 31,4800000,Merit and need-based scholarships of 30-100% tuition commonly available to international students; verify current programs.
72,12,MA in International Relations,Social Sciences,Master,English,3.4,,6.0,Sep 15 – Nov 15 (prior year),Mar 15 – May 31,4800000,Merit and need-based scholarships of 30-100% tuition commonly available to international students; verify current programs.
73,13,Electrical and Electronic Engineering,Engineering,Bachelor,English,3.2,,6.0,Sep 15 – Nov 15 (prior year),Mar 15 – May 31,4500000,Merit and need-based scholarships of 30-100% tuition commonly available to international students; verify current programs.
74,13,Media and Communication,Humanities,Bachelor,English,3.2,,6.0,Sep 15 – Nov 15 (prior year),Mar 15 – May 31,4500000,Merit and need-based scholarships of 30-100% tuition commonly available to international students; verify current programs.
75,13,International Studies,Social Sciences,Bachelor,English,3.2,,6.0,Sep 15 – Nov 15 (prior year),Mar 15 – May 31,4500000,Merit and need-based scholarships of 30-100% tuition commonly available to international students; verify current programs.
76,13,Computer Science and Engineering,Engineering,Bachelor,English,3.2,,6.0,Sep 15 – Nov 15 (prior year),Mar 15 – May 31,4500000,Merit and need-based scholarships of 30-100% tuition commonly available to international students; verify current programs.
77,13,MS in Computer Science,Engineering,Master,English,3.4,,6.0,Sep 15 – Nov 15 (prior year),Mar 15 – May 31,4800000,Merit and need-based scholarships of 30-100% tuition commonly available to international students; verify current programs.
78,13,MS in Electrical Engineering,Engineering,Master,English,3.4,,6.0,Sep 15 – Nov 15 (prior year),Mar 15 – May 31,4800000,Merit and need-based scholarships of 30-100% tuition commonly available to international students; verify current programs.
79,14,Economics,Social Sciences,Bachelor,English,2.9,,5.5,Sep 15 – Nov 15 (prior year),Mar 15 – May 31,4000000,Merit and need-based scholarships of 30-100% tuition commonly available to international students; verify current programs.
80,14,Mechanical Engineering,Engineering,Bachelor,English,2.9,,5.5,Sep 15 – Nov 15 (prior year),Mar 15 – May 31,4000000,Merit and need-based scholarships of 30-100% tuition commonly available to international students; verify current programs.
81,14,Electrical and Electronic Engineering,Engineering,Bachelor,English,2.9,,5.5,Sep 15 – Nov 15 (prior year),Mar 15 – May 31,4000000,Merit and need-based scholarships of 30-100% tuition commonly available to international students; verify current programs.
82,14,MA in International Relations,Social Sciences,Master,English,3.1,,5.5,Sep 15 – Nov 15 (prior year),Mar 15 – May 31,4200000,Merit and need-based scholarships of 30-100% tuition commonly available to international students; verify current programs.
83,14,MS in Computer Science,Engineering,Master,English,3.1,,5.5,Sep 15 – Nov 15 (prior year),Mar 15 – May 31,4200000,Merit and need-based scholarships of 30-100% tuition commonly available to international students; verify current programs.
84,15,Computer Science and Engineering,Engineering,Bachelor,English,3.2,,6.0,Sep 15 – Nov 15 (prior year),Mar 15 – May 31,4500000,Merit and need-based scholarships of 30-100% tuition commonly available to international students; verify current programs.
85,15,Business Administration,Business,Bachelor,English,3.2,,6.0,Sep 15 – Nov 15 (prior year),Mar 15 – May 31,4500000,Merit and need-based scholarships of 30-100% tuition commonly available to international students; verify current programs.
86,15,Global Korean Studies,Humanities,Bachelor,Korean,3.2,3,,Sep 15 – Nov 15 (prior year),Mar 15 – May 31,4500000,Merit and need-based scholarships of 30-100% tuition commonly available to international students; verify current programs.
87,15,Media and Communication,Humanities,Bachelor,English,3.2,,6.0,Sep 15 – Nov 15 (prior year),Mar 15 – May 31,4500000,Merit and need-based scholarships of 30-100% tuition commonly available to international students; verify current programs.
88,15,MS in Electrical Engineering,Engineering,Master,English,3.4,,6.0,Sep 15 – Nov 15 (prior year),Mar 15 – May 31,4800000,Merit and need-based scholarships of 30-100% tuition commonly available to international students; verify current programs.
89,15,MA in International Relations,Social Sciences,Master,English,3.4,,6.0,Sep 15 – Nov 15 (prior year),Mar 15 – May 31,4800000,Merit and need-based scholarships of 30-100% tuition commonly available to international students; verify current programs.
90,16,Computer Science and Engineering,Engineering,Bachelor,English,2.9,,5.5,Sep 15 – Nov 15 (prior year),Mar 15 – May 31,2000000,Merit and need-based scholarships of 30-100% tuition commonly available to international students; verify current programs.
91,16,Business Administration,Business,Bachelor,English,2.9,,5.5,Sep 15 – Nov 15 (prior year),Mar 15 – May 31,2000000,Merit and need-based scholarships of 30-100% tuition commonly available to international students; verify current programs.
92,16,Mechanical Engineering,Engineering,Bachelor,English,2.9,,5.5,Sep 15 – Nov 15 (prior year),Mar 15 – May 31,2000000,Merit and need-based scholarships of 30-100% tuition commonly available to international students; verify current programs.
93,16,MBA,Business,Master,English,3.1,,5.5,Sep 15 – Nov 15 (prior year),Mar 15 – May 31,2300000,Merit and need-based scholarships of 30-100% tuition commonly available to international students; verify current programs.
94,16,MS in Electrical Engineering,Engineering,Master,English,3.1,,5.5,Sep 15 – Nov 15 (prior year),Mar 15 – May 31,2300000,Merit and need-based scholarships of 30-100% tuition commonly available to international students; verify current programs.
95,17,Business Administration,Business,Bachelor,English,2.9,,5.5,Sep 15 – Nov 15 (prior year),Mar 15 – May 31,2000000,Merit and need-based scholarships of 30-100% tuition commonly available to international students; verify current programs.
96,17,Computer Science and Engineering,Engineering,Bachelor,English,2.9,,5.5,Sep 15 – Nov 15 (prior year),Mar 15 – May 31,2000000,Merit and need-based scholarships of 30-100% tuition commonly available to international students; verify current programs.
97,17,International Studies,Social Sciences,Bachelor,English,2.9,,5.5,Sep 15 – Nov 15 (prior year),Mar 15 – May 31,2000000,Merit and need-based scholarships of 30-100% tuition commonly available to international students; verify current programs.
98,17,MS in Computer Science,Engineering,Master,English,3.1,,5.5,Sep 15 – Nov 15 (prior year),Mar 15 – May 31,2300000,Merit and need-based scholarships of 30-100% tuition commonly available to international students; verify current programs.
99,17,MA in International Relations,Social Sciences,Master,English,3.1,,5.5,Sep 15 – Nov 15 (prior year),Mar 15 – May 31,2300000,Merit and need-based scholarships of 30-100% tuition commonly available to international students; verify current programs.
100,18,Economics,Social Sciences,Bachelor,English,2.9,,5.5,Sep 15 – Nov 15 (prior year),Mar 15 – May 31,4000000,Merit and need-based scholarships of 30-100% tuition commonly available to international students; verify current programs.
101,18,International Studies,Social Sciences,Bachelor,English,2.9,,5.5,Sep 15 – Nov 15 (prior year),Mar 15 – May 31,4000000,Merit and need-based scholarships of 30-100% tuition commonly available to international students; verify current programs.
102,18,Computer Science and Engineering,Engineering,Bachelor,English,2.9,,5.5,Sep 15 – Nov 15 (prior year),Mar 15 – May 31,4000000,Merit and need-based scholarships of 30-100% tuition commonly available to international students; verify current programs.
103,18,MBA,Business,Master,English,3.1,,5.5,Sep 15 – Nov 15 (prior year),Mar 15 – May 31,4200000,Merit and need-based scholarships of 30-100% tuition commonly available to international students; verify current programs.
104,18,MA in International Relations,Social Sciences,Master,English,3.1,,5.5,Sep 15 – Nov 15 (prior year),Mar 15 – May 31,4200000,Merit and need-based scholarships of 30-100% tuition commonly available to international students; verify current programs.
105,19,Global Korean Studies,Humanities,Bachelor,Korean,2.9,3,,Sep 15 – Nov 15 (prior year),Mar 15 – May 31,4000000,Merit and need-based scholarships of 30-100% tuition commonly available to international students; verify current programs.
106,19,Electrical and Electronic Engineering,Engineering,Bachelor,English,2.9,,5.5,Sep 15 – Nov 15 (prior year),Mar 15 – May 31,4000000,Merit and need-based scholarships of 30-100% tuition commonly available to international students; verify current programs.
107,19,International Studies,Social Sciences,Bachelor,English,2.9,,5.5,Sep 15 – Nov 15 (prior year),Mar 15 – May 31,4000000,Merit and need-based scholarships of 30-100% tuition commonly available to international students; verify current programs.
108,19,MS in Computer Science,Engineering,Master,English,3.1,,5.5,Sep 15 – Nov 15 (prior year),Mar 15 – May 31,4200000,Merit and need-based scholarships of 30-100% tuition commonly available to international students; verify current programs.
109,19,MBA,Business,Master,English,3.1,,5.5,Sep 15 – Nov 15 (prior year),Mar 15 – May 31,4200000,Merit and need-based scholarships of 30-100% tuition commonly available to international students; verify current programs.
110,20,Business Administration,Business,Bachelor,English,3.2,,6.0,Sep 15 – Nov 15 (prior year),Mar 15 – May 31,2200000,Tuition largely covered by national science scholarships for admitted students.
111,20,Economics,Social Sciences,Bachelor,English,3.2,,6.0,Sep 15 – Nov 15 (prior year),Mar 15 – May 31,2200000,Tuition largely covered by national science scholarships for admitted students.
112,20,Computer Science and Engineering,Engineering,Bachelor,English,3.2,,6.0,Sep 15 – Nov 15 (prior year),Mar 15 – May 31,2200000,Tuition largely covered by national science scholarships for admitted students.
113,20,Media and Communication,Humanities,Bachelor,English,3.2,,6.0,Sep 15 – Nov 15 (prior year),Mar 15 – May 31,2200000,Tuition largely covered by national science scholarships for admitted students.
114,20,MS in Computer Science,Engineering,Master,English,3.4,,6.0,Sep 15 – Nov 15 (prior year),Mar 15 – May 31,0,Tuition largely covered by national science scholarships for admitted students.
115,20,MS in Electrical Engineering,Engineering,Master,English,3.4,,6.0,Sep 15 – Nov 15 (prior year),Mar 15 – May 31,0,Tuition largely covered by national science scholarships for admitted students.
116,21,Business Administration,Business,Bachelor,English,2.9,,5.5,Sep 15 – Nov 15 (prior year),Mar 15 – May 31,4000000,Merit and need-based scholarships of 30-100% tuition commonly available to international students; verify current programs.
117,21,Mechanical Engineering,Engineering,Bachelor,English,2.9,,5.5,Sep 15 – Nov 15 (prior year),Mar 15 – May 31,4000000,Merit and need-based scholarships of 30-100% tuition commonly available to international students; verify current programs.
118,21,Computer Science and Engineering,Engineering,Bachelor,English,2.9,,5.5,Sep 15 – Nov 15 (prior year),Mar 15 – May 31,4000000,Merit and need-based scholarships of 30-100% tuition commonly available to international students; verify current programs.
119,21,MS in Electrical Engineering,Engineering,Master,English,3.1,,5.5,Sep 15 – Nov 15 (prior year),Mar 15 – May 31,4200000,Merit and need-based scholarships of 30-100% tuition commonly available to international students; verify current programs.
120,21,MBA,Business,Master,English,3.1,,5.5,Sep 15 – Nov 15 (prior year),Mar 15 – May 31,4200000,Merit and need-based scholarships of 30-100% tuition commonly available to international students; verify current programs.
121,22,Global Korean Studies,Humanities,Bachelor,Korean,2.9,3,,Sep 15 – Nov 15 (prior year),Mar 15 – May 31,4000000,Merit and need-based scholarships of 30-100% tuition commonly available to international students; verify current programs.
122,22,Electrical and Electronic Engineering,Engineering,Bachelor,English,2.9,,5.5,Sep 15 – Nov 15 (prior year),Mar 15 – May 31,4000000,Merit and need-based scholarships of 30-100% tuition commonly available to international students; verify current programs.
123,22,International Studies,Social Sciences,Bachelor,English,2.9,,5.5,Sep 15 – Nov 15 (prior year),Mar 15 – May 31,4000000,Merit and need-based scholarships of 30-100% tuition commonly available to international students; verify current programs.
124,22,MS in Computer Science,Engineering,Master,English,3.1,,5.5,Sep 15 – Nov 15 (prior year),Mar 15 – May 31,4200000,Merit and need-based scholarships of 30-100% tuition commonly available to international students; verify current programs.
125,22,MA in International Relations,Social Sciences,Master,English,3.1,,5.5,Sep 15 – Nov 15 (prior year),Mar 15 – May 31,4200000,Merit and need-based scholarships of 30-100% tuition commonly available to international students; verify current programs.
126,23,Economics,Social Sciences,Bachelor,English,2.9,,5.5,Sep 15 – Nov 15 (prior year),Mar 15 – May 31,4000000,Merit and need-based scholarships of 30-100% tuition commonly available to international students; verify current programs.
127,23,Electrical and Electronic Engineering,Engineering,Bachelor,English,2.9,,5.5,Sep 15 – Nov 15 (prior year),Mar 15 – May 31,4000000,Merit and need-based scholarships of 30-100% tuition commonly available to international students; verify current programs.
128,23,Business Administration,Business,Bachelor,English,2.9,,5.5,Sep 15 – Nov 15 (prior year),Mar 15 – May 31,4000000,Merit and need-based scholarships of 30-100% tuition commonly available to international students; verify current programs.
129,23,MBA,Business,Master,English,3.1,,5.5,Sep 15 – Nov 15 (prior year),Mar 15 – May 31,4200000,Merit and need-based scholarships of 30-100% tuition commonly available to international students; verify current programs.
130,23,MA in International Relations,Social Sciences,Master,English,3.1,,5.5,Sep 15 – Nov 15 (prior year),Mar 15 – May 31,4200000,Merit and need-based scholarships of 30-100% tuition commonly available to international students; verify current programs.
131,24,International Studies,Social Sciences,Bachelor,English,2.9,,5.5,Sep 15 – Nov 15 (prior year),Mar 15 – May 31,4000000,Merit and need-based scholarships of 30-100% tuition commonly available to international students; verify current programs.
132,24,Mechanical Engineering,Engineering,Bachelor,English,2.9,,5.5,Sep 15 – Nov 15 (prior year),Mar 15 – May 31,4000000,Merit and need-based scholarships of 30-100% tuition commonly available to international students; verify current programs.
133,24,Electrical and Electronic Engineering,Engineering,Bachelor,English,2.9,,5.5,Sep 15 – Nov 15 (prior year),Mar 15 – May 31,4000000,Merit and need-based scholarships of 30-100% tuition commonly available to international students; verify current programs.
134,24,MA in International Relations,Social Sciences,Master,English,3.1,,5.5,Sep 15 – Nov 15 (prior year),Mar 15 – May 31,4200000,Merit and need-based scholarships of 30-100% tuition commonly available to international students; verify current programs.
135,24,MBA,Business,Master,English,3.1,,5.5,Sep 15 – Nov 15 (prior year),Mar 15 – May 31,4200000,Merit and need-based scholarships of 30-100% tuition commonly available to international students; verify current programs.
136,25,Economics,Social Sciences,Bachelor,English,2.9,,5.5,Sep 15 – Nov 15 (prior year),Mar 15 – May 31,2000000,Merit and need-based scholarships of 30-100% tuition commonly available to international students; verify current programs.
137,25,Computer Science and Engineering,Engineering,Bachelor,English,2.9,,5.5,Sep 15 – Nov 15 (prior year),Mar 15 – May 31,2000000,Merit and need-based scholarships of 30-100% tuition commonly available to international students; verify current programs.
138,25,Global Korean Studies,Humanities,Bachelor,Korean,2.9,3,,Sep 15 – Nov 15 (prior year),Mar 15 – May 31,2000000,Merit and need-based scholarships of 30-100% tuition commonly available to international students; verify current programs.
139,25,MS in Electrical Engineering,Engineering,Master,English,3.1,,5.5,Sep 15 – Nov 15 (prior year),Mar 15 – May 31,2300000,Merit and need-based scholarships of 30-100% tuition commonly available to international students; verify current programs.
140,25,MBA,Business,Master,English,3.1,,5.5,Sep 15 – Nov 15 (prior year),Mar 15 – May 31,2300000,Merit and need-based scholarships of 30-100% tuition commonly available to international students; verify current programs.
141,26,Electrical and Electronic Engineering,Engineering,Bachelor,English,2.9,,5.5,Sep 15 – Nov 15 (prior year),Mar 15 – May 31,2000000,Merit and need-based scholarships of 30-100% tuition commonly available to international students; verify current programs.
142,26,Global Korean Studies,Humanities,Bachelor,Korean,2.9,3,,Sep 15 – Nov 15 (prior year),Mar 15 – May 31,2000000,Merit and need-based scholarships of 30-100% tuition commonly available to international students; verify current programs.
143,26,Computer Science and Engineering,Engineering,Bachelor,English,2.9,,5.5,Sep 15 – Nov 15 (prior year),Mar 15 – May 31,2000000,Merit and need-based scholarships of 30-100% tuition commonly available to international students; verify current programs.
144,26,MA in International Relations,Social Sciences,Master,English,3.1,,5.5,Sep 15 – Nov 15 (prior year),Mar 15 – May 31,2300000,Merit and need-based scholarships of 30-100% tuition commonly available to international students; verify current programs.
145,26,MBA,Business,Master,English,3.1,,5.5,Sep 15 – Nov 15 (prior year),Mar 15 – May 31,2300000,Merit and need-based scholarships of 30-100% tuition commonly available to international students; verify current programs.
146,27,Media and Communication,Humanities,Bachelor,English,2.9,,5.5,Sep 15 – Nov 15 (prior year),Mar 15 – May 31,4000000,Merit and need-based scholarships of 30-100% tuition commonly available to international students; verify current programs.
147,27,Electrical and Electronic Engineering,Engineering,Bachelor,English,2.9,,5.5,Sep 15 – Nov 15 (prior year),Mar 15 – May 31,4000000,Merit and need-based scholarships of 30-100% tuition commonly available to international students; verify current programs.
148,27,Business Administration,Business,Bachelor,English,2.9,,5.5,Sep 15 – Nov 15 (prior year),Mar 15 – May 31,4000000,Merit and need-based scholarships of 30-100% tuition commonly available to international students; verify current programs.
149,27,MBA,Business,Master,English,3.1,,5.5,Sep 15 – Nov 15 (prior year),Mar 15 – May 31,4200000,Merit and need-based scholarships of 30-100% tuition commonly available to international students; verify current programs.
150,27,MS in Electrical Engineering,Engineering,Master,English,3.1,,5.5,Sep 15 – Nov 15 (prior year),Mar 15 – May 31,4200000,Merit and need-based scholarships of 30-100% tuition commonly available to international students; verify current programs.
151,28,Media and Communication,Humanities,Bachelor,English,3.2,,6.0,Sep 15 – Nov 15 (prior year),Mar 15 – May 31,4500000,Merit and need-based scholarships of 30-100% tuition commonly available to international students; verify current programs.
152,28,Computer Science and Engineering,Engineering,Bachelor,English,3.2,,6.0,Sep 15 – Nov 15 (prior year),Mar 15 – May 31,4500000,Merit and need-based scholarships of 30-100% tuition commonly available to international students; verify current programs.
153,28,Business Administration,Business,Bachelor,English,3.2,,6.0,Sep 15 – Nov 15 (prior year),Mar 15 – May 31,4500000,Merit and need-based scholarships of 30-100% tuition commonly available to international students; verify current programs.
154,28,International Studies,Social Sciences,Bachelor,English,3.2,,6.0,Sep 15 – Nov 15 (prior year),Mar 15 – May 31,4500000,Merit and need-based scholarships of 30-100% tuition commonly available to international students; verify current programs.
155,28,MS in Computer Science,Engineering,Master,English,3.4,,6.0,Sep 15 – Nov 15 (prior year),Mar 15 – May 31,4800000,Merit and need-based scholarships of 30-100% tuition commonly available to international students; verify current programs.
156,28,MBA,Business,Master,English,3.4,,6.0,Sep 15 – Nov 15 (prior year),Mar 15 – May 31,4800000,Merit and need-based scholarships of 30-100% tuition commonly available to international students; verify current programs.
157,29,International Studies,Social Sciences,Bachelor,English,2.9,,5.5,Sep 15 – Nov 15 (prior year),Mar 15 – May 31,2000000,Merit and need-based scholarships of 30-100% tuition commonly available to international students; verify current programs.
158,29,Global Korean Studies,Humanities,Bachelor,Korean,2.9,3,,Sep 15 – Nov 15 (prior year),Mar 15 – May 31,2000000,Merit and need-based scholarships of 30-100% tuition commonly available to international students; verify current programs.
159,29,Mechanical Engineering,Engineering,Bachelor,English,2.9,,5.5,Sep 15 – Nov 15 (prior year),Mar 15 – May 31,2000000,Merit and need-based scholarships of 30-100% tuition commonly available to international students; verify current programs.
160,29,MS in Computer Science,Engineering,Master,English,3.1,,5.5,Sep 15 – Nov 15 (prior year),Mar 15 – May 31,2300000,Merit and need-based scholarships of 30-100% tuition commonly available to international students; verify current programs.
161,29,MBA,Business,Master,English,3.1,,5.5,Sep 15 – Nov 15 (prior year),Mar 15 – May 31,2300000,Merit and need-based scholarships of 30-100% tuition commonly available to international students; verify current programs.
162,30,Business Administration,Business,Bachelor,English,2.9,,5.5,Sep 15 – Nov 15 (prior year),Mar 15 – May 31,4000000,Merit and need-based scholarships of 30-100% tuition commonly available to international students; verify current programs.
163,30,Global Korean Studies,Humanities,Bachelor,Korean,2.9,3,,Sep 15 – Nov 15 (prior year),Mar 15 – May 31,4000000,Merit and need-based scholarships of 30-100% tuition commonly available to international students; verify current programs.
164,30,Mechanical Engineering,Engineering,Bachelor,English,2.9,,5.5,Sep 15 – Nov 15 (prior year),Mar 15 – May 31,4000000,Merit and need-based scholarships of 30-100% tuition commonly available to international students; verify current programs.
165,30,MS in Electrical Engineering,Engineering,Master,English,3.1,,5.5,Sep 15 – Nov 15 (prior year),Mar 15 – May 31,4200000,Merit and need-based scholarships of 30-100% tuition commonly available to international students; verify current programs.
166,30,MBA,Business,Master,English,3.1,,5.5,Sep 15 – Nov 15 (prior year),Mar 15 – May 31,4200000,Merit and need-based scholarships of 30-100% tuition commonly available to international students; verify current programs.
167,31,Media and Communication,Humanities,Bachelor,English,2.9,,5.5,Sep 15 – Nov 15 (prior year),Mar 15 – May 31,4000000,Merit and need-based scholarships of 30-100% tuition commonly available to international students; verify current programs.
168,31,Electrical and Electronic Engineering,Engineering,Bachelor,English,2.9,,5.5,Sep 15 – Nov 15 (prior year),Mar 15 – May 31,4000000,Merit and need-based scholarships of 30-100% tuition commonly available to international students; verify current programs.
169,31,Mechanical Engineering,Engineering,Bachelor,English,2.9,,5.5,Sep 15 – Nov 15 (prior year),Mar 15 – May 31,4000000,Merit and need-based scholarships of 30-100% tuition commonly available to international students; verify current programs.
170,31,MA in International Relations,Social Sciences,Master,English,3.1,,5.5,Sep 15 – Nov 15 (prior year),Mar 15 – May 31,4200000,Merit and need-based scholarships of 30-100% tuition commonly available to international students; verify current programs.
171,31,MS in Electrical Engineering,Engineering,Master,English,3.1,,5.5,Sep 15 – Nov 15 (prior year),Mar 15 – May 31,4200000,Merit and need-based scholarships of 30-100% tuition commonly available to international students; verify current programs.
172,32,Mechanical Engineering,Engineering,Bachelor,English,2.9,,5.5,Sep 15 – Nov 15 (prior year),Mar 15 – May 31,2000000,Merit and need-based scholarships of 30-100% tuition commonly available to international students; verify current programs.
173,32,International Studies,Social Sciences,Bachelor,English,2.9,,5.5,Sep 15 – Nov 15 (prior year),Mar 15 – May 31,2000000,Merit and need-based scholarships of 30-100% tuition commonly available to international students; verify current programs.
174,32,Electrical and Electronic Engineering,Engineering,Bachelor,English,2.9,,5.5,Sep 15 – Nov 15 (prior year),Mar 15 – May 31,2000000,Merit and need-based scholarships of 30-100% tuition commonly available to international students; verify current programs.
175,32,MA in International Relations,Social Sciences,Master,English,3.1,,5.5,Sep 15 – Nov 15 (prior year),Mar 15 – May 31,2300000,Merit and need-based scholarships of 30-100% tuition commonly available to international students; verify current programs.
176,32,MS in Computer Science,Engineering,Master,English,3.1,,5.5,Sep 15 – Nov 15 (prior year),Mar 15 – May 31,2300000,Merit and need-based scholarships of 30-100% tuition commonly available to international students; verify current programs.
177,33,International Studies,Social Sciences,Bachelor,English,2.9,,5.5,Sep 15 – Nov 15 (prior year),Mar 15 – May 31,4000000,Merit and need-based scholarships of 30-100% tuition commonly available to international students; verify current programs.
178,33,Business Administration,Business,Bachelor,English,2.9,,5.5,Sep 15 – Nov 15 (prior year),Mar 15 – May 31,4000000,Merit and need-based scholarships of 30-100% tuition commonly available to international students; verify current programs.
179,33,Media and Communication,Humanities,Bachelor,English,2.9,,5.5,Sep 15 – Nov 15 (prior year),Mar 15 – May 31,4000000,Merit and need-based scholarships of 30-100% tuition commonly available to international students; verify current programs.
180,33,MBA,Business,Master,English,3.1,,5.5,Sep 15 – Nov 15 (prior year),Mar 15 – May 31,4200000,Merit and need-based scholarships of 30-100% tuition commonly available to international students; verify current programs.
181,33,MS in Computer Science,Engineering,Master,English,3.1,,5.5,Sep 15 – Nov 15 (prior year),Mar 15 – May 31,4200000,Merit and need-based scholarships of 30-100% tuition commonly available to international students; verify current programs.
182,34,Media and Communication,Humanities,Bachelor,English,2.9,,5.5,Sep 15 – Nov 15 (prior year),Mar 15 – May 31,2000000,Merit and need-based scholarships of 30-100% tuition commonly available to international students; verify current programs.
183,34,Electrical and Electronic Engineering,Engineering,Bachelor,English,2.9,,5.5,Sep 15 – Nov 15 (prior year),Mar 15 – May 31,2000000,Merit and need-based scholarships of 30-100% tuition commonly available to international students; verify current programs.
184,34,Global Korean Studies,Humanities,Bachelor,Korean,2.9,3,,Sep 15 – Nov 15 (prior year),Mar 15 – May 31,2000000,Merit and need-based scholarships of 30-100% tuition commonly available to international students; verify current programs.
185,34,MS in Electrical Engineering,Engineering,Master,English,3.1,,5.5,Sep 15 – Nov 15 (prior year),Mar 15 – May 31,2300000,Merit and need-based scholarships of 30-100% tuition commonly available to international students; verify current programs.
186,34,MS in Computer Science,Engineering,Master,English,3.1,,5.5,Sep 15 – Nov 15 (prior year),Mar 15 – May 31,2300000,Merit and need-based scholarships of 30-100% tuition commonly available to international students; verify current programs.
187,35,Electrical and Electronic Engineering,Engineering,Bachelor,English,2.9,,5.5,Sep 15 – Nov 15 (prior year),Mar 15 – May 31,2000000,Merit and need-based scholarships of 30-100% tuition commonly available to international students; verify current programs.
188,35,Global Korean Studies,Humanities,Bachelor,Korean,2.9,3,,Sep 15 – Nov 15 (prior year),Mar 15 – May 31,2000000,Merit and need-based scholarships of 30-100% tuition commonly available to international students; verify current programs.
189,35,Mechanical Engineering,Engineering,Bachelor,English,2.9,,5.5,Sep 15 – Nov 15 (prior year),Mar 15 – May 31,2000000,Merit and need-based scholarships of 30-100% tuition commonly available to international students; verify current programs.
190,35,MBA,Business,Master,English,3.1,,5.5,Sep 15 – Nov 15 (prior year),Mar 15 – May 31,2300000,Merit and need-based scholarships of 30-100% tuition commonly available to international students; verify current programs.
191,35,MA in International Relations,Social Sciences,Master,English,3.1,,5.5,Sep 15 – Nov 15 (prior year),Mar 15 – May 31,2300000,Merit and need-based scholarships of 30-100% tuition commonly available to international students; verify current programs.
192,36,Computer Science and Engineering,Engineering,Bachelor,English,2.9,,5.5,Sep 15 – Nov 15 (prior year),Mar 15 – May 31,2000000,Merit and need-based scholarships of 30-100% tuition commonly available to international students; verify current programs.
193,36,International Studies,Social Sciences,Bachelor,English,2.9,,5.5,Sep 15 – Nov 15 (prior year),Mar 15 – May 31,2000000,Merit and need-based scholarships of 30-100% tuition commonly available to international students; verify current programs.
194,36,Electrical and Electronic Engineering,Engineering,Bachelor,English,2.9,,5.5,Sep 15 – Nov 15 (prior year),Mar 15 – May 31,2000000,Merit and need-based scholarships of 30-100% tuition commonly available to international students; verify current programs.
195,36,MS in Computer Science,Engineering,Master,English,3.1,,5.5,Sep 15 – Nov 15 (prior year),Mar 15 – May 31,2300000,Merit and need-based scholarships of 30-100% tuition commonly available to international students; verify current programs.
196,36,MA in International Relations,Social Sciences,Master,English,3.1,,5.5,Sep 15 – Nov 15 (prior year),Mar 15 – May 31,2300000,Merit and need-based scholarships of 30-100% tuition commonly available to international students; verify current programs.
197,37,Economics,Social Sciences,Bachelor,English,3.2,,6.0,Sep 15 – Nov 15 (prior year),Mar 15 – May 31,4500000,Merit and need-based scholarships of 30-100% tuition commonly available to international students; verify current programs.
198,37,Electrical and Electronic Engineering,Engineering,Bachelor,English,3.2,,6.0,Sep 15 – Nov 15 (prior year),Mar 15 – May 31,4500000,Merit and need-based scholarships of 30-100% tuition commonly available to international students; verify current programs.
199,37,Mechanical Engineering,Engineering,Bachelor,English,3.2,,6.0,Sep 15 – Nov 15 (prior year),Mar 15 – May 31,4500000,Merit and need-based scholarships of 30-100% tuition commonly available to international students; verify current programs.
200,37,International Studies,Social Sciences,Bachelor,English,3.2,,6.0,Sep 15 – Nov 15 (prior year),Mar 15 – May 31,4500000,Merit and need-based scholarships of 30-100% tuition commonly available to international students; verify current programs.
201,37,MS in Computer Science,Engineering,Master,English,3.4,,6.0,Sep 15 – Nov 15 (prior year),Mar 15 – May 31,4800000,Merit and need-based scholarships of 30-100% tuition commonly available to international students; verify current programs.
202,37,MS in Electrical Engineering,Engineering,Master,English,3.4,,6.0,Sep 15 – Nov 15 (prior year),Mar 15 – May 31,4800000,Merit and need-based scholarships of 30-100% tuition commonly available to international students; verify current programs.
203,38,Global Korean Studies,Humanities,Bachelor,Korean,2.9,3,,Sep 15 – Nov 15 (prior year),Mar 15 – May 31,4000000,Merit and need-based scholarships of 30-100% tuition commonly available to international students; verify current programs.
204,38,Economics,Social Sciences,Bachelor,English,2.9,,5.5,Sep 15 – Nov 15 (prior year),Mar 15 – May 31,4000000,Merit and need-based scholarships of 30-100% tuition commonly available to international students; verify current programs.
205,38,Electrical and Electronic Engineering,Engineering,Bachelor,English,2.9,,5.5,Sep 15 – Nov 15 (prior year),Mar 15 – May 31,4000000,Merit and need-based scholarships of 30-100% tuition commonly available to international students; verify current programs.
206,38,MBA,Business,Master,English,3.1,,5.5,Sep 15 – Nov 15 (prior year),Mar 15 – May 31,4200000,Merit and need-based scholarships of 30-100% tuition commonly available to international students; verify current programs.
207,38,MS in Computer Science,Engineering,Master,English,3.1,,5.5,Sep 15 – Nov 15 (prior year),Mar 15 – May 31,4200000,Merit and need-based scholarships of 30-100% tuition commonly available to international students; verify current programs.
208,39,Electrical and Electronic Engineering,Engineering,Bachelor,English,2.9,,5.5,Sep 15 – Nov 15 (prior year),Mar 15 – May 31,4000000,Merit and need-based scholarships of 30-100% tuition commonly available to international students; verify current programs.
209,39,Economics,Social Sciences,Bachelor,English,2.9,,5.5,Sep 15 – Nov 15 (prior year),Mar 15 – May 31,4000000,Merit and need-based scholarships of 30-100% tuition commonly available to international students; verify current programs.
210,39,Business Administration,Business,Bachelor,English,2.9,,5.5,Sep 15 – Nov 15 (prior year),Mar 15 – May 31,4000000,Merit and need-based scholarships of 30-100% tuition commonly available to international students; verify current programs.
211,39,MBA,Business,Master,English,3.1,,5.5,Sep 15 – Nov 15 (prior year),Mar 15 – May 31,4200000,Merit and need-based scholarships of 30-100% tuition commonly available to international students; verify current programs.
212,39,MA in International Relations,Social Sciences,Master,English,3.1,,5.5,Sep 15 – Nov 15 (prior year),Mar 15 – May 31,4200000,Merit and need-based scholarships of 30-100% tuition commonly available to international students; verify current programs.
213,40,Electrical and Electronic Engineering,Engineering,Bachelor,English,2.6,,5.5,Sep 15 – Nov 15 (prior year),Mar 15 – May 31,1900000,Merit and need-based scholarships of 30-100% tuition commonly available to international students; verify current programs.
214,40,Media and Communication,Humanities,Bachelor,English,2.6,,5.5,Sep 15 – Nov 15 (prior year),Mar 15 – May 31,1900000,Merit and need-based scholarships of 30-100% tuition commonly available to international students; verify current programs.
215,40,International Studies,Social Sciences,Bachelor,English,2.6,,5.5,Sep 15 – Nov 15 (prior year),Mar 15 – May 31,1900000,Merit and need-based scholarships of 30-100% tuition commonly available to international students; verify current programs.
216,40,MBA,Business,Master,English,2.8,,5.5,Sep 15 – Nov 15 (prior year),Mar 15 – May 31,2100000,Merit and need-based scholarships of 30-100% tuition commonly available to international students; verify current programs.
217,40,MA in International Relations,Social Sciences,Master,English,2.8,,5.5,Sep 15 – Nov 15 (prior year),Mar 15 – May 31,2100000,Merit and need-based scholarships of 30-100% tuition commonly available to international students; verify current programs.
218,41,Computer Science and Engineering,Engineering,Bachelor,English,2.9,,5.5,Sep 15 – Nov 15 (prior year),Mar 15 – May 31,4000000,Merit and need-based scholarships of 30-100% tuition commonly available to international students; verify current programs.
219,41,Economics,Social Sciences,Bachelor,English,2.9,,5.5,Sep 15 – Nov 15 (prior year),Mar 15 – May 31,4000000,Merit and need-based scholarships of 30-100% tuition commonly available to international students; verify current programs.
220,41,Electrical and Electronic Engineering,Engineering,Bachelor,English,2.9,,5.5,Sep 15 – Nov 15 (prior year),Mar 15 – May 31,4000000,Merit and need-based scholarships of 30-100% tuition commonly available to international students; verify current programs.
221,41,MBA,Business,Master,English,3.1,,5.5,Sep 15 – Nov 15 (prior year),Mar 15 – May 31,4200000,Merit and need-based scholarships of 30-100% tuition commonly available to international students; verify current programs.
222,41,MS in Electrical Engineering,Engineering,Master,English,3.1,,5.5,Sep 15 – Nov 15 (prior year),Mar 15 – May 31,4200000,Merit and need-based scholarships of 30-100% tuition commonly available to international students; verify current programs.
223,42,Mechanical Engineering,Engineering,Bachelor,English,2.9,,5.5,Sep 15 – Nov 15 (prior year),Mar 15 – May 31,4000000,Merit and need-based scholarships of 30-100% tuition commonly available to international students; verify current programs.
224,42,International Studies,Social Sciences,Bachelor,English,2.9,,5.5,Sep 15 – Nov 15 (prior year),Mar 15 – May 31,4000000,Merit and need-based scholarships of 30-100% tuition commonly available to international students; verify current programs.
225,42,Business Administration,Business,Bachelor,English,2.9,,5.5,Sep 15 – Nov 15 (prior year),Mar 15 – May 31,4000000,Merit and need-based scholarships of 30-100% tuition commonly available to international students; verify current programs.
226,42,MBA,Business,Master,English,3.1,,5.5,Sep 15 – Nov 15 (prior year),Mar 15 – May 31,4200000,Merit and need-based scholarships of 30-100% tuition commonly available to international students; verify current programs.
227,42,MS in Electrical Engineering,Engineering,Master,English,3.1,,5.5,Sep 15 – Nov 15 (prior year),Mar 15 – May 31,4200000,Merit and need-based scholarships of 30-100% tuition commonly available to international students; verify current programs.
228,43,Global Korean Studies,Humanities,Bachelor,Korean,2.9,3,,Sep 15 – Nov 15 (prior year),Mar 15 – May 31,4000000,Merit and need-based scholarships of 30-100% tuition commonly available to international students; verify current programs.
229,43,Business Administration,Business,Bachelor,English,2.9,,5.5,Sep 15 – Nov 15 (prior year),Mar 15 – May 31,4000000,Merit and need-based scholarships of 30-100% tuition commonly available to international students; verify current programs.
230,43,International Studies,Social Sciences,Bachelor,English,2.9,,5.5,Sep 15 – Nov 15 (prior year),Mar 15 – May 31,4000000,Merit and need-based scholarships of 30-100% tuition commonly available to international students; verify current programs.
231,43,MA in International Relations,Social Sciences,Master,English,3.1,,5.5,Sep 15 – Nov 15 (prior year),Mar 15 – May 31,4200000,Merit and need-based scholarships of 30-100% tuition commonly available to international students; verify current programs.
232,43,MBA,Business,Master,English,3.1,,5.5,Sep 15 – Nov 15 (prior year),Mar 15 – May 31,4200000,Merit and need-based scholarships of 30-100% tuition commonly available to international students; verify current programs.
233,44,Mechanical Engineering,Engineering,Bachelor,English,2.6,,5.5,Sep 15 – Nov 15 (prior year),Mar 15 – May 31,3700000,Merit and need-based scholarships of 30-100% tuition commonly available to international students; verify current programs.
234,44,Computer Science and Engineering,Engineering,Bachelor,English,2.6,,5.5,Sep 15 – Nov 15 (prior year),Mar 15 – May 31,3700000,Merit and need-based scholarships of 30-100% tuition commonly available to international students; verify current programs.
235,44,Economics,Social Sciences,Bachelor,English,2.6,,5.5,Sep 15 – Nov 15 (prior year),Mar 15 – May 31,3700000,Merit and need-based scholarships of 30-100% tuition commonly available to international students; verify current programs.
236,44,MS in Computer Science,Engineering,Master,English,2.8,,5.5,Sep 15 – Nov 15 (prior year),Mar 15 – May 31,3900000,Merit and need-based scholarships of 30-100% tuition commonly available to international students; verify current programs.
237,44,MBA,Business,Master,English,2.8,,5.5,Sep 15 – Nov 15 (prior year),Mar 15 – May 31,3900000,Merit and need-based scholarships of 30-100% tuition commonly available to international students; verify current programs.
238,45,International Studies,Social Sciences,Bachelor,English,2.6,,5.5,Sep 15 – Nov 15 (prior year),Mar 15 – May 31,3700000,Merit and need-based scholarships of 30-100% tuition commonly available to international students; verify current programs.
239,45,Economics,Social Sciences,Bachelor,English,2.6,,5.5,Sep 15 – Nov 15 (prior year),Mar 15 – May 31,3700000,Merit and need-based scholarships of 30-100% tuition commonly available to international students; verify current programs.
240,45,Business Administration,Business,Bachelor,English,2.6,,5.5,Sep 15 – Nov 15 (prior year),Mar 15 – May 31,3700000,Merit and need-based scholarships of 30-100% tuition commonly available to international students; verify current programs.
241,45,MBA,Business,Master,English,2.8,,5.5,Sep 15 – Nov 15 (prior year),Mar 15 – May 31,3900000,Merit and need-based scholarships of 30-100% tuition commonly available to international students; verify current programs.
242,45,MS in Electrical Engineering,Engineering,Master,English,2.8,,5.5,Sep 15 – Nov 15 (prior year),Mar 15 – May 31,3900000,Merit and need-based scholarships of 30-100% tuition commonly available to international students; verify current programs.
243,46,Business Administration,Business,Bachelor,English,2.9,,5.5,Sep 15 – Nov 15 (prior year),Mar 15 – May 31,2000000,Merit and need-based scholarships of 30-100% tuition commonly available to international students; verify current programs.
244,46,Economics,Social Sciences,Bachelor,English,2.9,,5.5,Sep 15 – Nov 15 (prior year),Mar 15 – May 31,2000000,Merit and need-based scholarships of 30-100% tuition commonly available to international students; verify current programs.
245,46,Computer Science and Engineering,Engineering,Bachelor,English,2.9,,5.5,Sep 15 – Nov 15 (prior year),Mar 15 – May 31,2000000,Merit and need-based scholarships of 30-100% tuition commonly available to international students; verify current programs.
246,46,MBA,Business,Master,English,3.1,,5.5,Sep 15 – Nov 15 (prior year),Mar 15 – May 31,2300000,Merit and need-based scholarships of 30-100% tuition commonly available to international students; verify current programs.
247,46,MA in International Relations,Social Sciences,Master,English,3.1,,5.5,Sep 15 – Nov 15 (prior year),Mar 15 – May 31,2300000,Merit and need-based scholarships of 30-100% tuition commonly available to international students; verify current programs.
248,47,Media and Communication,Humanities,Bachelor,English,2.9,,5.5,Sep 15 – Nov 15 (prior year),Mar 15 – May 31,4000000,Merit and need-based scholarships of 30-100% tuition commonly available to international students; verify current programs.
249,47,Computer Science and Engineering,Engineering,Bachelor,English,2.9,,5.5,Sep 15 – Nov 15 (prior year),Mar 15 – May 31,4000000,Merit and need-based scholarships of 30-100% tuition commonly available to international students; verify current programs.
250,47,Electrical and Electronic Engineering,Engineering,Bachelor,English,2.9,,5.5,Sep 15 – Nov 15 (prior year),Mar 15 – May 31,4000000,Merit and need-based scholarships of 30-100% tuition commonly available to international students; verify current programs.
251,47,MS in Computer Science,Engineering,Master,English,3.1,,5.5,Sep 15 – Nov 15 (prior year),Mar 15 – May 31,4200000,Merit and need-based scholarships of 30-100% tuition commonly available to international students; verify current programs.
252,47,MA in International Relations,Social Sciences,Master,English,3.1,,5.5,Sep 15 – Nov 15 (prior year),Mar 15 – May 31,4200000,Merit and need-based scholarships of 30-100% tuition commonly available to international students; verify current programs.
253,48,Economics,Social Sciences,Bachelor,English,2.9,,5.5,Sep 15 – Nov 15 (prior year),Mar 15 – May 31,4000000,Merit and need-based scholarships of 30-100% tuition commonly available to international students; verify current programs.
254,48,Media and Communication,Humanities,Bachelor,English,2.9,,5.5,Sep 15 – Nov 15 (prior year),Mar 15 – May 31,4000000,Merit and need-based scholarships of 30-100% tuition commonly available to international students; verify current programs.
255,48,International Studies,Social Sciences,Bachelor,English,2.9,,5.5,Sep 15 – Nov 15 (prior year),Mar 15 – May 31,4000000,Merit and need-based scholarships of 30-100% tuition commonly available to international students; verify current programs.
256,48,MA in International Relations,Social Sciences,Master,English,3.1,,5.5,Sep 15 – Nov 15 (prior year),Mar 15 – May 31,4200000,Merit and need-based scholarships of 30-100% tuition commonly available to international students; verify current programs.
257,48,MS in Computer Science,Engineering,Master,English,3.1,,5.5,Sep 15 – Nov 15 (prior year),Mar 15 – May 31,4200000,Merit and need-based scholarships of 30-100% tuition commonly available to international students; verify current programs.
258,49,Computer Science and Engineering,Engineering,Bachelor,English,2.6,,5.5,Sep 15 – Nov 15 (prior year),Mar 15 – May 31,1900000,Merit and need-based scholarships of 30-100% tuition commonly available to international students; verify current programs.
259,49,Mechanical Engineering,Engineering,Bachelor,English,2.6,,5.5,Sep 15 – Nov 15 (prior year),Mar 15 – May 31,1900000,Merit and need-based scholarships of 30-100% tuition commonly available to international students; verify current programs.
260,49,Global Korean Studies,Humanities,Bachelor,Korean,2.6,3,,Sep 15 – Nov 15 (prior year),Mar 15 – May 31,1900000,Merit and need-based scholarships of 30-100% tuition commonly available to international students; verify current programs.
261,49,MS in Computer Science,Engineering,Master,English,2.8,,5.5,Sep 15 – Nov 15 (prior year),Mar 15 – May 31,2100000,Merit and need-based scholarships of 30-100% tuition commonly available to international students; verify current programs.
262,49,MS in Electrical Engineering,Engineering,Master,English,2.8,,5.5,Sep 15 – Nov 15 (prior year),Mar 15 – May 31,2100000,Merit and need-based scholarships of 30-100% tuition commonly available to international students; verify current programs.
263,50,Media and Communication,Humanities,Bachelor,English,2.6,,5.5,Sep 15 – Nov 15 (prior year),Mar 15 – May 31,3700000,Merit and need-based scholarships of 30-100% tuition commonly available to international students; verify current programs.
264,50,International Studies,Social Sciences,Bachelor,English,2.6,,5.5,Sep 15 – Nov 15 (prior year),Mar 15 – May 31,3700000,Merit and need-based scholarships of 30-100% tuition commonly available to international students; verify current programs.
265,50,Electrical and Electronic Engineering,Engineering,Bachelor,English,2.6,,5.5,Sep 15 – Nov 15 (prior year),Mar 15 – May 31,3700000,Merit and need-based scholarships of 30-100% tuition commonly available to international students; verify current programs.
266,50,MBA,Business,Master,English,2.8,,5.5,Sep 15 – Nov 15 (prior year),Mar 15 – May 31,3900000,Merit and need-based scholarships of 30-100% tuition commonly available to international students; verify current programs.
267,50,MA in International Relations,Social Sciences,Master,English,2.8,,5.5,Sep 15 – Nov 15 (prior year),Mar 15 – May 31,3900000,Merit and need-based scholarships of 30-100% tuition commonly available to international students; verify current programs.
